name,name:fr,name:en,name:ar,type,prio,latitude,longitude,iso,capital,ldir,wikidata
Andorra la Vella,Andorre-la-Vieille,Andorra la Vella,أندورا لا فيلا,ambassade,1,42.5051,1.5222,AD,yes,,
أبو ظبي,Abou Dabi,Abu Dhabi,أبو ظبي,ambassade,1,24.4747961,54.3705762,AE,yes,,
دبي,Dubaï,Dubai,دبي,consulat_general,4,25.2683521,55.2961962,AE,no,,
کابل,Kaboul,Kabul,كابل,ambassade,1,34.5260131,69.1776476,AF,yes,,Q5838
St. John's,Saint John's,St. John's,سانت جونز، أنتيغوا وبربودا,capitale,3,17.1180365183,-61.8500338151,AG,yes,,Q36262
Tiranë,Tirana,Tirana,تيرانا,ambassade,1,41.3279457,19.8185323,AL,yes,,Q19689
Երևան (Yerevan),Erevan,Yerevan,يريفان,ambassade,1,40.1776121,44.5125849,AM,yes,,
Luanda,Luanda,Luanda,لواندا,ambassade,1,-8.8271656,13.2436665,AO,yes,,
Buenos Aires,Buenos Aires,Buenos Aires,بوينس آيرس,ambassade,1,-34.6075616,-58.437076,AR,yes,SW,
Wien,Vienne,Vienna,فيينا,ambassade,1,48.2083537,16.3725042,AT,yes,W,
Canberra,Canberra,Canberra,كانبرا,ambassade,1,-35.2975906,149.1012676,AU,yes,N,
Sydney,Sydney,Sydney,سيدني,consulat_general,4,-33.87298,151.20607,AU,no,NW,
Bakı,Bakou,Baku,باكو,ambassade,1,40.3754434,49.8326748,AZ,yes,,
Sarajevo,Sarajevo,Sarajevo,سراييفو,ambassade,1,43.8519774,18.3866868,BA,yes,,Q11194
Banja Luka,Banja Luka,Banja Luka,بانيا لوكا,institut_francais_antenne,7,44.77198,17.18989,BA,no,,Q131127
Mostar,Mostar,Mostar,موستار,institut_francais_antenne,7,43.34161,17.80211,BA,no,,Q93347
Bridgetown,Bridgetown,Bridgetown,بريدج تاون,capitale,3,13.1020025828,-59.6165267351,BB,yes,,Q36168
ঢাকা,Dacca,Dhaka,دكا,ambassade,1,23.7593572,90.3788136,BD,yes,,
Bruxelles - Brussel,Bruxelles,Brussels,بروكسل,ambassade,1,50.8465573,4.351697,BE,yes,N,
Ouagadougou,Ouagadougou,Ouagadougou,واغادوغو,ambassade,1,12.368148,-1.527085,BF,yes,N,
София,Sofia,Sofia,صوفيا,ambassade,1,42.6978634,23.3221789,BG,yes,,
المنامة,Manama,Manama,المنامة,ambassade,1,26.2235041,50.5822436,BH,yes,,
Bujumbura,Bujumbura,Bujumbura,بوجومبورا,ambassade,1,-3.3638125,29.3675028,BI,yes,,
Cotonou,Cotonou,Cotonou,كوتونو,ambassade,1,6.367682,2.4252292,BJ,no,S,Q43595
Porto-Novo,Porto-Novo,Porto-Novo,بورتو_نوفو,capitale,3,6.48331097302,2.6166255276,BJ,yes,,Q3799
Bandar Seri Begawan,Bandar Seri Begawan,Bandar Seri Begawan,بندر سري بكاوان,ambassade,1,4.8895453,114.9417574,BN,yes,,
La Paz,La Paz,La Paz,لاباز,ambassade,1,-16.4956371,-68.1336346,BO,no,,
Sucre,Sucre,Sucre,سوكري,capitale,3,-19.0409708467,-65.2595156267,BO,yes,,Q2907
Brasília,Brasilia,Brasília,برازيليا,ambassade,1,-15.7934036,-47.8823172,BR,yes,,
Recife,Recife,Recife,ريسيفي,consulat_general,4,-8.0641931,-34.8781517,BR,no,NW,
Rio de Janeiro,Rio de Janeiro,Rio de Janeiro,ريو دي جانيرو,consulat_general,4,-22.9110137,-43.2093727,BR,no,N,
São Paulo,São Paulo,São Paulo,ساو باولو,consulat_general,4,-23.5506507,-46.6333824,BR,no,W,
Nassau,Nassau,Nassau,ناساو,capitale,3,25.0833901154,-77.3500437843,BS,yes,,Q2467
ཐིམ་ཕུ,Thimphou,Thimphu,تيمفو,capitale,3,27.47276,89.62861,BT,yes,,Q9270
Gaborone,Gaborone,Gaborone,جابورون,ambassade,1,-24.655319,25.908728,BW,yes,NW,
Минск,Minsk,Minsk,مينسك,ambassade,1,53.902334,27.5618791,BY,yes,,
Belmopan,Belmopan,Belmopan,بلموبان,capitale,3,17.2520335072,-88.7670729998,BZ,yes,,Q3043
Ottawa,Ottawa,Ottawa,أوتاوا,ambassade,1,45.421106,-75.690308,CA,yes,N,
Montréal,Montréal,Montreal,مونتريال,rp,2,45.4972159,-73.6103642,CA,no,,
Moncton,Moncton,Moncton,مونكتون,consulat_general,4,46.097995,-64.80011,CA,no,,
Toronto,Toronto,Toronto,تورونتو,consulat_general,4,43.653963,-79.387207,CA,no,,
Vancouver,Vancouver,Vancouver,فانكوفر,consulat_general,4,49.262428,-123.11554,CA,no,,
Ville de Québec,Québec,Quebec,كويبك سيتي,consulat_general,4,46.8259601,-71.2352226,CA,no,,
Kinshasa,Kinshasa,Kinshasa,كينشاسا,ambassade,1,-4.3217055,15.3125974,CD,yes,,
Bangui,Bangui,Bangui,بانغي,ambassade,1,4.3907153,18.5509126,CF,yes,NW,
Brazzaville,Brazzaville,Brazzaville,برازافيل,ambassade,1,-4.2694407,15.2712256,CG,yes,NW,
Pointe-Noire,Pointe-Noire,Pointe-Noire,بوانت نوار,consulat_general,4,-4.7975373,11.8503297,CG,no,,
Bern,Berne,Bern,برن,ambassade,1,46.9482713,7.4514512,CH,yes,,
Genève,Genève,Geneva,جنيف,rp,2,46.2017559,6.1466014,CH,no,S,
Zürich,Zurich,Zurich,زيورخ,consulat_general,4,47.3723957,8.5423216,CH,no,N,
Abidjan,Abidjan,Abidjan,أبيدجان,ambassade,1,5.320357,-4.016107,CI,yes,N,
Yamoussoukro,Yamoussoukro,Yamoussoukro,ياموسوكرو,capitale,3,6.81838096,-5.2755025649,CI,yes,N,Q3768
Santiago,Santiago,Santiago,سانتياغو,ambassade,1,-33.4377968,-70.6504451,CL,yes,S,
Yaoundé,Yaoundé,Yaounde,ياوندي,ambassade,1,3.8689867,11.5213344,CM,yes,,
Douala,Douala,Douala,دوالا,consulat_general,4,4.0429674,9.7061981,CM,no,,
北京市,Pékin,Beijing,بكين,ambassade,1,39.9059631,116.391248,CN,yes,N,
上海市,Shanghaï,Shanghai,شانغهاي,consulat_general,4,31.2253441,121.4888922,CN,no,,
广州市,Canton,Guangzhou,غوانزو,consulat_general,4,23.1301964,113.2592945,CN,no,,
成都市,Chengdu,Chengdu,تشنغدو,consulat_general,4,30.6765553,104.0612783,CN,no,,
武汉市,Wuhan,Wuhan,ووهان,consulat_general,4,30.5960213,114.2992796,CN,no,,
沈阳市,Shenyang,Shenyang,شنيانغ,consulat_general,4,41.8045293,123.4277858,CN,no,,
香港,Hong-Kong,Hong Kong,هونغ كونغ,consulat_general,4,22.2793278,114.1628131,CN,no,,
Bogotá,Bogota,Bogota,بوغوتا,ambassade,1,4.5980772,-74.0761028,CO,yes,,
San José,San José,San José,سان خوسيه,ambassade,1,9.93254,-84.08051,CR,yes,,
La Habana,La Havane,Havana,هافانا,ambassade,1,23.138028,-82.3658671,CU,yes,,
Praia,Praia,Praia,برايا,ambassade,1,14.9160169,-23.5096132,CV,yes,,
Nicosia,Nicosie,Nicosia,نيقوسيا,ambassade,1,35.1739302,33.364726,CY,yes,,
Praha,Prague,Prague,براغ,ambassade,1,50.0874654,14.4212535,CZ,yes,,
Berlin,Berlin,Berlin,برلين,ambassade,1,52.5170365,13.3888599,DE,yes,SW,Q64
Düsseldorf,Düsseldorf,Düsseldorf,دوسلدورف,consulat_general,4,51.2254018,6.7763137,DE,no,,Q1718
Frankfurt am Main,Francfort-sur-le-Main,Frankfurt/Main,فرانكفورت,consulat_general,4,50.110653,8.682093,DE,no,,Q1794
Hamburg,Hambourg,Hamburg,هامبورغ,consulat_general,4,53.550341,10.000654,DE,no,,Q1055
München,Munich,Munich,ميونخ,consulat_general,4,48.1371079,11.5753822,DE,no,,Q1726
Saarbrücken,Sarrebruck,Saarbrücken,ساربروكن,consulat_general,4,49.234362,6.996379,DE,no,NE,Q1724
Stuttgart,Stuttgart,Stuttgart,شتوتغارت,consulat_general,4,48.7784485,9.1800132,DE,no,S,Q1022
Bremen,Brême,Bremen,بريمن,institut_francais_antenne,7,53.07582,8.80716,DE,no,,Q24879
Magdeburg,Magdebourg,Magdeburg,ماغدبورغ,institut_francais_antenne,7,52.13159,11.63996,DE,no,,Q1733
Dresden,Dresde,Dresden,دريسدن,institut_francais_antenne,7,51.04933,13.73814,DE,no,,Q1731
Leipzig,Leipzig,Leipzig,لايبزيغ,institut_francais_antenne,7,51.33918,12.38105,DE,no,,Q2079
Köln,Cologne,Cologne,كولونيا,institut_francais_antenne,7,50.93836,6.95997,DE,no,,Q365
Erfurt,Erfurt,Erfurt,إرفورت,institut_francais_antenne,7,50.97780,11.02874,DE,no,,Q1729
Mainz,Mayence,Mainz,ماينتس,institut_francais_antenne,7,50.00000,8.27102,DE,no,,Q1720
Djibouti جيبوتي,Djibouti,Djibouti,جيبوتي,ambassade,1,11.593665,43.14724,DJ,yes,,
København,Copenhague,Copenhagen,كوبنهاغن,ambassade,1,55.6867243,12.5700724,DK,yes,SW,
Santo Domingo,Saint-Domingue,Santo Domingo,سانتو دومينجو,ambassade,1,18.4801972,-69.942111,DO,yes,,
Alger,Alger,Algiers,الجزائر,ambassade,1,36.775348,3.060065,DZ,yes,,Q3561
Annaba,Annaba,Annaba,عنابة‎,consulat_general,4,36.8970249,7.7460806,DZ,no,S,Q45942
Oran,Oran,Oran,وهران,consulat_general,4,35.7032751,-0.6492976,DZ,no,,Q131818
Constantine,Constantine,Constantine,قسنطينة,institut_francais_antenne,7,36.36452,6.60826,DZ,no,,Q187346
Tizi Ouzou,Tizi Ouzou,Tizi Ouzou,تيزي وزو,institut_francais_antenne,7,36.71378,4.04939,DZ,no,,Q277201
Tlemcen,Tlemcen,Tlemcen,تلمسان,institut_francais_antenne,7,34.88179,-1.31670,DZ,no,,Q185134
Quito,Quito,Quito,كيتو,ambassade,1,-0.2201641,-78.5123274,EC,yes,,
Tallinn,Tallinn,Tallinn,تالين,ambassade,1,59.4372155,24.7453688,EE,yes,,
القاهرة,Le Caire,Cairo,القاهرة,ambassade,1,30.048819,31.243666,EG,yes,S,
Alessandria,Alexandrie,Alessandria,الإسكندرية,consulat_general,4,31.19900,29.89344,EG,no,,
مصر الجديدة,Héliopolis,Heliopolis,مصر الجديدة,institut_francais_antenne,7,30.10064,31.33251,EG,no,,
أسمرة አስመራ,Asmara,Asmara,أسمرا,ambassade,1,15.338997,38.9326719,ER,yes,,
Madrid,Madrid,Madrid,مدريد,ambassade,1,40.4167047,-3.7035825,ES,yes,,Q2807
Barcelona,Barcelone,Barcelona,برشلونة,consulat_general,4,41.3828939,2.1774322,ES,no,,Q1492
Bilbao,Bilbao,Bilbao,بلباو,consulat_general,4,43.2629489,-2.9349459,ES,no,,Q8692
Sevilla,Séville,Seville,اشبيلية,consulat_general,4,37.3886303,-5.9953171,ES,no,N,Q8717
València,Valence,Valencia,فالنسيا,institut_francais_antenne,7,39.46990,-0.37689,ES,no,,Q8818
Zaragoza,Saragosse,Zaragoza,سرقسطة,institut_francais_antenne,7,41.65213,-0.88188,ES,no,NW,Q10305
አዲስ አበባ,Addis-Abeba,Addis Ababa,أديس أبابا,ambassade,1,9.0107934,38.7612525,ET,yes,S,
Helsinki,Helsinki,Helsinki,هلسنكي,ambassade,1,60.1674086,24.9425683,FI,yes,,
Suva,Suva,Suva,سوفا,ambassade,1,-18.1415884,178.4421662,FJ,yes,,
Palikir,Palikir,Palikir,باليكير,capitale,3,6.91664369601,158.149974324,FM,yes,,Q42751
Paris,Paris,Paris,باريس,hc,1,48.8566101,2.3514992,FR,yes,,
Strasbourg,Strasbourg,Strasbourg,ستراسبورغ,rp,2,48.584614,7.7507127,FR,no,SW,
Libreville,Libreville,Libreville,ليبرفيل,ambassade,1,0.390002,9.454001,GA,yes,,
London,Londres,London,لندن,ambassade,1,51.5073219,-0.1276474,GB,yes,N,
Edinburgh,Édimbourg,Edinburgh,إدنبرة,consulat_general,4,55.9495628,-3.1914972,GB,no,,
თბილისი,Tbilissi,Tbilisi,تبليسي,ambassade,1,41.6935247,44.8015019,GE,yes,,
Accra,Accra,Accra,أكرا,ambassade,1,5.5600141,-0.2057437,GH,yes,NW,
Banjul,Banjul,Banjul,بانجول,capitale,3,13.4538764603,-16.5917014892,GM,yes,S,Q3726
Conakry,Conakry,Conakry,كوناكري,ambassade,1,9.5170602,-13.6998434,GN,yes,,
Malabo,Malabo,Malabo,مالابو,ambassade,1,3.752828,8.780061,GQ,yes,N,
Αθήνα,Athènes,Athens,أثينا,ambassade,1,37.9841493,23.7279843,GR,yes,,Q1524
Θεσσαλονίκη,Thessalonique,Thessaloniki,سالونيك,consulat_general,4,40.6403167,22.9352716,GR,no,,Q17151
Λάρισα,Larissa,Larissa,لاريسا,institut_francais_antenne,7,39.63831,22.41607,GR,no,,Q178405
Πάτρα,Patras,Patras,باتراس,institut_francais_antenne,7,38.24624,21.73414,GR,no,,Q133123
Ciudad de Guatemala,Guatemala,Guatemala City,مدينة غواتيمالا,ambassade,1,14.6417889,-90.5132239,GT,yes,SW,
Bissau,Bissau,Bissau,بيساو,ambassade,1,11.861324,-15.583055,GW,yes,,
Georgetown,Georgetown,Georgetown,جورج تاون,capitale,3,6.80197369275,-58.1670286475,GY,yes,,Q10717
Tegucigalpa,Tegucigalpa,Tegucigalpa,تيجوسيجالبا,ambassade,1,14.0931919,-87.2012631,HN,yes,E,
Zagreb,Zagreb,Zagreb,زغرب,ambassade,1,45.813177,15.977048,HR,yes,E,
Port-au-Prince,Port-au-Prince,Port-au-Prince,بورت أو برنس,ambassade,1,18.547327,-72.3395928,HT,yes,S,
Budapest,Budapest,Budapest,بودابست,ambassade,1,47.4983815,19.0404707,HU,yes,,
Jakarta,Jakarta,Jakarta,جاكرتا,ambassade,1,-6.1753942,106.827183,ID,yes,,
Dublin,Dublin,Dublin,دبلن,ambassade,1,53.3497645,-6.2602732,IE,yes,,
תל אביב-יפו,Tel-Aviv-Jaffa,Tel Aviv-Yafo,تل أبيب-يافا,ambassade,1,32.0804808,34.7805274,IL,yes,N,Q33935
ירושלים,Jérusalem,Jerusalem,القدس,consulat_general,4,31.7791134,35.2266286,IL,no,SW,Q1218
חיפה,Haïfa,Haifa,حيفا,consulat,5,32.8191218,34.9983856,IL,no,,Q41621
الناصرة,Nazareth,Nazareth,الناصرة,institut_francais_antenne,7,32.70653,35.30448,IL,no,,Q430776
באר שבע,Beer Sheva,Beer-Sheva,بئر السبع,institut_francais_antenne,7,31.25252,34.79058,IL,no,,Q41843
New Delhi,New delhi,New Delhi,دلهي الجديد,ambassade,1,28.6141793,77.2022662,IN,yes,N,
Bengaluru,Bangalore,Bengaluru,بنغالور,consulat_general,4,12.9791198,77.5912997,IN,no,,
Kolkata,Calcutta,Kolkata,كلكتا,consulat_general,4,22.5677459,88.3476023,IN,no,NW,
Mumbai,Bombay,Mumbai,مومباي,consulat_general,4,18.9321862,72.8308337,IN,no,,
Pondichéry,Pondichéry,Puducherry,Pondichéry,consulat_general,4,11.9340568,79.8306447,IN,no,SW,
بغداد,Bagdad,Baghdad,بغداد,ambassade,1,33.3024309,44.3787992,IQ,yes,N,
هەولێر,Erbil,Erbil,أربيل,consulat_general,4,36.1911624,44.0094652,IQ,no,SW,
تهران,Téhéran,Tehran,طهران,ambassade,1,35.7006177,51.401375,IR,yes,,
Reykjavík,Reykjavík,Reykjavik,ريكيافيك,ambassade,1,64.145981,-21.9422367,IS,yes,,
Roma,Rome,Rome,روما,ambassade,1,41.8933203,12.4829321,IT,yes,,Q220
Milano,Milan,Milan,ميلانو,consulat_general,4,45.4667971,9.1904984,IT,no,,Q490
Napoli,Naples,Naples,نابولي,consulat_general,4,40.8359336,14.2487826,IT,no,,Q2634
Firenze,Florence,Florence,فلورنسا,institut_francais,7,43.76987,11.25463,IT,no,NW,Q2044
Palermo,Palerme,Palermo,باليرمو,institut_francais,7,38.11123,13.35151,IT,no,,Q2656
Kingston,Kingston,Kingston,كينغستون,ambassade,1,17.97121,-76.79375,JM,yes,S,
عمان‎,Amman,Amman,عمان,ambassade,1,31.9515694,35.9239625,JO,yes,SE,
東京,Tokyo,Tokyo,طوكيو,ambassade,1,35.6828378,139.7589667,JP,yes,,
京都市,Kyoto,Kyoto,كيوتو,consulat_general,4,35.0185804,135.763835,JP,no,,
Nairobi,Nairobi,Nairobi,نيروبي,ambassade,1,-1.2832533,36.8172449,KE,yes,,
Бишкек,Bichkek,Bishkek,بيشكك,ambassade,1,42.8767446,74.6069949,KG,yes,,
រាជធានីភ្នំពេញ,Phnom Penh,Phnom Penh,بنوم بنه,ambassade,1,11.568271,104.9224426,KH,yes,,
Moroni موروني,Moroni,Moroni,موروني,ambassade,1,-11.6931255,43.2543044,KM,yes,,
Basseterre,Basseterre,Basseterre,باستير,capitale,3,17.3020304555,-62.7170093197,KN,yes,,Q41295
평양,PyongYang,Pyongyang,بيونغيانغ,bureau,3,39.0194741,125.753388,KP,yes,,
서울특별시,Séoul,Seoul,سول,ambassade,1,37.5666791,126.9782914,KR,yes,SE,
مدينة الكويت,Koweït,Kuwait City,مدينة الكويت,ambassade,1,29.3797091,47.9735629,KW,yes,,
Астана,Astana,Astana,أستانا,ambassade,1,51.128258,71.43055,KZ,yes,,
Алматы,Almaty,Almaty,ألماتي,consulat_general,4,43.2363924,76.9457275,KZ,no,,
ວຽງຈັນ,Vientiane,Vientiane,فيينتيان,ambassade,1,17.9640988,102.6133707,LA,yes,,
بيروت,Beyrouth,Beirut,بيروت,ambassade,1,33.8959203,35.47843,LB,yes,,Q3820
بعلبك,Baalbek,Baalbek,بعلبك,institut_francais_antenne,7,34.00965,36.21077,LB,no,,Q178835
دير القمر‎‎,Deir el Qamar,Deir el Qamar,دير القمر‎‎,institut_francais_antenne,7,33.69790,35.56485,LB,no,,Q613943
جونيه,Jounieh,Jounieh,جونيه,institut_francais_antenne,7,33.97415,35.62006,LB,no,,Q26155
النبطية,Nabatieh,Nabatieh,النبطية,institut_francais_antenne,7,33.38113,35.48260,LB,no,,Q26134
صيدا,Saida,Saida,صيدا,institut_francais_antenne,7,33.56142,35.37661,LB,no,,Q163490
طرابلس,Tripoli,Tripoli,طرابلس,institut_francais_antenne,7,34.4454,35.8186,LB,no,,Q168954
صور,Tyr,Tyre,صور,institut_francais_antenne,7,33.27212,35.19640,LB,no,,Q82070
زحلة,Zahlé,Zahlé,زحلة,institut_francais_antenne,7,33.84756,35.90271,LB,no,,Q26569
Castries,Castries,Castries,كاستريس,ambassade,1,14.00977,-60.98998,LC,no,,
Vaduz,Vaduz,Vaduz,فادوتس,ambassade,1,47.1362,9.5358,LI,yes,,
Colombo,Colombo,Colombo,كولمبو,ambassade,1,6.9349969,79.8538463,LK,yes,,
ශ්‍රී ජයවර්ධනපුර කෝට්ටේ,Sri Jayawardenepura Kotte,Sri Jayawardenepura Kotte,سري جاياواردنابورا كوتي,capitale,3,6.90000388481,79.9499930409,LK,yes,,Q41963
Monrovia,Monrovia,Monrovia,مونروفيا,ambassade,1,6.31055665987,-10.8047516291,LR,yes,,Q3748
Maseru,Maseru,Maseru,ماسيرو,ambassade,1,-29.310054,27.478222,LS,yes,,
Vilnius,Vilnius,Vilnius,فيلنيوس,ambassade,1,54.6870458,25.2829111,LT,yes,NW,
Luxembourg,Luxembourg,Luxembourg,لوكسمبورغ,ambassade,1,49.6112768,6.129799,LU,yes,N,
Rīga,Riga,Riga,ريغا,ambassade,1,56.9493977,24.1051846,LV,yes,,
طرابلس,Tripoli,Tripoli,طرابلس,ambassade,1,32.896672,13.1777923,LY,yes,S,Q3579
Rabat ⵔⴱⴰⵟ الرباط,Rabat,Rabat,الرباط,ambassade,1,34.022405,-6.834543,MA,yes,S,Q3551
Agadir ⴰⴳⴰⴷⵉⵔ أگادیر,Agadir,Agadir,أكادير,consulat_general,4,30.4211144,-9.5830626,MA,no,,Q170525
Casablanca ⵜⵉⴳⵎⵉ ⵜⵓⵎⵍⵉⵍⵜ الدار البيضاء,Casablanca,Casablanca,الدار البيضاء,consulat_general,4,33.5950627,-7.6187768,MA,no,NW,Q7903
Fès ⴼⴰⵙ فاس,Fès,Fes,فاس,consulat_general,4,34.0346534,-5.0161926,MA,no,,Q80985
Marrakech ⵎⵕⵕⴰⴽⵛ مراكش,Marrakech,Marrakesh,مراكش,consulat_general,4,31.6259901,-7.9886083,MA,no,,Q101625
Tanger ⵟⴰⵏⵊⴰ طنجة,Tanger,Tangier,طنجة,consulat_general,4,35.777103,-5.803792,MA,no,SW,Q126148
El Jadida ⵊⴷⵉⴷⴰ الجديدة,El Jadida,El Jadida,الجديدة,institut_francais_antenne,7,33.24333,-8.49884,MA,no,S,Q219583
Kénitra ⵇⵏⵉⵟⵔⴰ القنيطرة,Kénitra,Kenitra,القنيطرة,institut_francais_antenne,7,34.26457,-6.57017,MA,no,,Q478207
Essaouira ⵚⵚⵡⵉⵕⴰ الصويرة,Essaouira,Essaouira,الصويرة,institut_francais_antenne,7,31.51183,-9.76209,MA,no,,Q216939
Meknès ⴰⵎⴽⵏⴰⵙ مكناس,Meknès,Meknès,مكناس,institut_francais_antenne,7,33.89781,-5.53198,MA,no,,Q178663
Oujda ⵡⵊⴷⴰ وجدة‎,Oujda,Oujda,وجدة‎,institut_francais_antenne,7,34.67787,-1.92931,MA,no,,Q193802
Tétouan ⵜⵉⵟⵟⴰⵡⵉⵏ تطوان,Tétouan,Tétouan,تطوان,institut_francais_antenne,7,35.57017,-5.37428,MA,no,,Q185157
Safi ⴰⵙⴼⵉ آسفي,Safi,Safi,آسفي,alliance_francaise,8,32.29942,-9.23953,MA,no,,Q183405
Monaco,Monaco,Monaco,موناكو,ambassade,1,43.7311424,7.4197576,MC,yes,N,Q235
Chișinău,Chisinau,Kishinev,كيشيناو,ambassade,1,47.0122737,28.8605936,MD,yes,,
Podgorica,Podgorica,Podgorica,بودغوريتسا,ambassade,1,42.4415238,19.2621081,ME,yes,NW,Q23564
Antananarivo,Tananarive,Antananarivo,أنتاناناريفو,ambassade,1,-18.9100122,47.5255809,MG,yes,N,
Dalap-Uliga-Darrit,Dalap-Uliga-Darrit,Dalap-Uliga-Darrit,Dalap-Uliga-Darrit,capitale,3,7.116667,171.366667,MH,yes,,Q648507
Скопје,Skopje,Skopje,سكوبيه,ambassade,1,41.9960924,21.4316495,MK,yes,,
Bamako,Bamako,Bamako,باماكو,ambassade,1,12.649319,-8.000337,ML,yes,,
ရန်ကုန်,Rangoun,Yangon,يانغون,ambassade,1,16.7967129,96.1609916,MM,no,,
Naypyidaw,Naypyidaw,Naypyidaw,بورتو نوفو,capitale,3,19.7665570261,96.1186185292,MM,yes,,Q37400
Улаанбаатар,Oulan-Bator,Ulaanbaatar,أولان باتور,ambassade,1,47.9184676,106.9177016,MN,yes,,
نواكشوط,Nouakchott,Nouakchott,نواكشوط,ambassade,1,18.0792379,-15.9780071,MR,yes,,
Valletta,La Valette,Valletta,البلدة,ambassade,1,35.8989818,14.5136759,MT,yes,,
Port-Louis,Port-Louis,Port-Louis,بور لويس,ambassade,1,-20.1637281,57.5045331,MU,yes,,
Malé,Malé,Malé,ماليه,capitale,3,4.16670818981,73.499947468,MV,yes,,Q9347
Lilongwe,Lilongwe,Lilongwe,ليلونغوي,capitale,3,-13.9832950655,33.78330196,MW,yes,,Q3876
Ciudad de México,Mexico,Mexico City,مدينة مكسيكو,ambassade,1,19.4326009,-99.1333416,MX,yes,,
Kuala Lumpur,Kuala lumpur,Kuala Lumpur,كوالالمبور,ambassade,1,3.1546872,101.7136362,MY,yes,,
Maputo,Maputo,Maputo,مابوتو,ambassade,1,-25.966213,32.56745,MZ,yes,,
Windhoek,Windhoek,Windhoek,ويندهوك,ambassade,1,-22.5744184,17.0791233,NA,yes,N,
Niamey,Niamey,Niamey,نيامي,ambassade,1,13.524834,2.109823,NE,yes,,
Abuja,Abuja,Abuja,أبوجا,ambassade,1,9.0643305,7.4892974,NG,yes,S,
Managua,Managua,Managua,ماناغوا,ambassade,1,12.1461244,-86.273717,NI,yes,,
Den Haag,La Haye,The Hague,لاهاي,ambassade,1,52.0799838,4.3113461,NL,yes,S,Q36600
Amsterdam,Amsterdam,Amsterdam,أمستردام,consulat_general,4,52.37276,4.89360,NL,yes,NW,Q727
Groningen,Groningue,Groningen,خرونينغن,institut_francais_antenne,7,53.21907,6.56801,NL,yes,,Q749
Oslo,Oslo,Oslo,أوسلو,ambassade,1,59.9132694,10.7391112,NO,yes,S,Q585
Stavanger,Stavanger,Stavanger,ستافانغر,institut_francais_antenne,7,58.96804,5.73247,NO,no,,Q25416
Kathmandu,Katmandou,Kathmandu,كاثماندو,ambassade,1,27.708796,85.320244,NP,yes,S,
Yaren,Yaren,Yaren,ضاحية يارين,capitale,3,-0.5477,166.920867,NR,yes,,Q31026
Wellington,Wellington,Wellington,ويلينغتون,ambassade,1,-41.2887639,174.7772239,NZ,yes,,
مسقط,Mascate,Muscat,مسقط,ambassade,1,23.5997857,58.5451305,OM,yes,S,
Ciudad de Panamá,Panama,Panama,مدينة بنما,ambassade,1,8.9714493,-79.5341802,PA,yes,,
Lima,Lima,Lima,ليما,ambassade,1,-12.0621065,-77.0365256,PE,yes,,
Port Moresby,Port Moresby,Port Moresby,بورت مورسبي,ambassade,1,-9.4743301,147.1599504,PG,yes,,
Manila,Manille,Manila,مانيلا,ambassade,1,14.5906216,120.9799696,PH,yes,,
اسلام آباد,Islamabad,Islamabad,إسلام آباد,ambassade,1,33.6945756,73.0643744,PK,yes,S,
کراچی,Karachi,Karachi,كراتشي,consulat_general,4,24.8667795,67.0311286,PK,no,,
Warszawa,Varsovie,Warsaw,وارسو,ambassade,1,52.2319237,21.0067265,PL,yes,,
Kraków,Cracovie,Krakow,كراكوف,consulat_general,4,50.0619474,19.9368564,PL,no,,
غزة,Gaza,Gaza,غزة,institut_francais_antenne,7,31.5077213,34.46074,PS,no,,Q47492
نابلس,Naplouse,Nablus,نابلس,institut_francais_antenne,7,32.22010,35.25704,PS,no,,Q214178
رام الله,Ramallah,Ramallah,رام الله,institut_francais_antenne,7,31.90308,35.19517,PS,no,,Q158119
Lisboa,Lisbonne,Lisbon,أشبونة,ambassade,1,38.7077926,-9.1365061,PT,yes,,
Melekeok,Melekeok,Melekeok,ميلكيوك,capitale,3,7.48739617298,134.626548467,PW,yes,,Q154002
Asunción,Assomption,Asuncion,أسونسيون,ambassade,1,-25.2959916,-57.6311196,PY,yes,,
الدوحة,Doha,Doha,الدوحة,ambassade,1,25.2856329,51.5264162,QA,yes,,
București,Bucarest,Bucharest,بوخارست,ambassade,1,44.4361414,26.1027202,RO,yes,,
Cluj-Napoca,Cluj-Napoca,Cluj-Napoca,كلوج-نابوكا,institut_francais_antenne,7,46.76934,23.59006,RO,no,,Q100188
Iași,Iași,Iași,ياش,institut_francais_antenne,7,47.16149,27.58311,RO,no,N,Q46852
Timisoara,Timișoara,Timișoara,تيميشوارا,institut_francais_antenne,7,45.75383,21.22481,RO,no,,Q83404
Београд,Belgrade,Belgrade,بلغراد,ambassade,1,44.8178131,20.4568974,RS,yes,,
Ниш,Niš,Niš,نيش,institut_francais_antenne,7,43.32150,21.89573,RS,no,,Q129259
Нови Сад,Novi Sad,Novi Sad,نوفي ساد,institut_francais_antenne,7,45.25513,19.84424,RS,no,,Q55630
Москва,Moscou,Moscow,موسكو,ambassade,1,55.7507178,37.6176606,RU,yes,,
Екатеринбург,Ekaterinbourg,Yekaterinburg,يكاترينبورغ,consulat_general,4,56.839104,60.60825,RU,no,,
Санкт-Петербург,Saint-Pétersbourg,Saint Petersburg,سانت بطرسبرغ,consulat_general,4,59.938732,30.316229,RU,no,,
Kigali,Kigali,Kigali,كيغالي,ambassade,1,-1.950851,30.061507,RW,yes,,
الرياض,Riyad,Riyadh,الرياض,ambassade,1,24.6319692,46.7150648,SA,yes,S,
جدّة,Djeddah,Jeddah,جدّة,consulat_general,4,21.5822247,39.1640396,SA,no,,
Honiara,Honiara,Honiara,هونيارا,capitale,3,-9.43799429509,159.949765734,SB,yes,,Q40921
Victoria,Victoria,Victoria,فيكتوريا,ambassade,1,-4.6232085,55.452359,SC,yes,,
الخرطوم,Khartoum,Khartoum,الخرطوم,ambassade,1,15.593325,32.53565,SD,yes,,
Stockholm,Stockholm,Stockholm,ستوكهولم,ambassade,1,59.3251172,18.0710935,SE,yes,SW,
Singapore,Singapour,Singapore,سنغافورة,ambassade,1,1.2904753,103.8520359,SG,yes,,
Ljubljana,Ljubljana,Ljubljana,ليوبليانا,ambassade,1,46.049865,14.5068921,SI,yes,,
Bratislava,Bratislava,Bratislava,براتيسلافا,ambassade,1,48.1516916,17.1093063,SK,yes,,
Freetown,Freetown,Freetown,فريتاون,capitale,3,8.47001141249,-13.2342157404,SL,yes,,Q1044
San Marino,Saint-Marin,San Marino,مدينة سان مارينو,capitale,3,43.9171500845,12.4666702867,SM,yes,,Q1848
Dakar,Dakar,Dakar,دكار,ambassade,1,14.693425,-17.447938,SN,yes,,
Muqdisho مقديشو,Mogadiscio,Mogadishu,مقديشو,ambassade,1,2.042778,45.338564,SO,yes,NE,
Paramaribo,Paramaribo,Paramaribo,باراماريبو,ambassade,1,5.8216198,-55.1771974,SR,yes,,
Djouba,Djouba,Djouba,جوبا,ambassade,1,4.8457,31.5843,SS,yes,,
São Tomé,Sao Tomé,Sao Tomé,ساو تومي,capitale,3,0.33340211883,6.7333251532,ST,yes,NW,Q3932
San Salvador,San Salvador,San Salvador,سان سلفادور,ambassade,1,13.6977587,-89.19301,SV,yes,SW,
دمشق,Damas,Damascus,دمشق,ambassade,1,33.5130695,36.3095814,SY,yes,,
Mbabane,Mbabané,Mbabane,مبابان,ambassade,1,-26.325745,31.144663,SZ,yes,S,
N’Djamena انجمينا,Ndjamena,N'Djamena,انجمينا,ambassade,1,12.1191543,15.0502758,TD,yes,,
Lomé,Lomé,Lomé,لومي,ambassade,1,6.130419,1.215829,TG,yes,N,
กรุงเทพมหานคร,Bangkok,Bangkok,بانكوك,ambassade,1,13.7542529,100.493087,TH,yes,,
Душанбе,Douchanbé,Dushanbe,دوشنبه,ambassade,1,38.5762709,68.7863573,TJ,yes,,
Dili,Dili,Dili,ديلي,capitale,3,-8.55938840855,125.579455932,TL,yes,,Q9310
Aşgabat,Achgabat,Ashgabat,عشق آباد,ambassade,1,37.9396678,58.3874263,TM,yes,,
تونس,Tunis,Tunis,تونس,ambassade,1,36.800108,10.184794,TN,yes,,Q3572
سوسة,Sousse,Sousse,سوسة,institut_francais_antenne,7,35.82883,10.64053,TN,no,,Q180717
صفاقس,Sfax,Sfax,صفاقس,institut_francais_antenne,7,34.73974,10.75985,TN,no,,Q46325
Nukuʻalofa,Nuku’alofa,Nuku’alofa,نوكو ألوفا,capitale,3,-21.1385123567,-175.220564478,TO,yes,,Q38834
Ankara,Ankara,Ankara,أنقرة,ambassade,1,39.9215219,32.8537929,TR,yes,,
İstanbul,Istanbul,Istanbul,إسطنبول,consulat_general,4,41.0096334,28.9651646,TR,no,,
Port of Spain,Port d'Espagne,Port of Spain,بورت_أوف_سبين,ambassade,1,10.6572678,-61.5180173,TT,yes,,
臺北市,Taipei,Taipei,تايبيه,bureau,3,25.0375167,121.5637,TW,no,,
Dar es Salaam,Dar es Salam,Dar es Salaam,دار_السلام,ambassade,1,-6.8637028,39.34314,TZ,yes,SW,
Dodoma,Dodoma,Dodoma,دودوما,capitale,3,-6.18330605177,35.7500036201,TZ,yes,NW,Q3866
Київ,Kiev,Kyiv,كييف,ambassade,1,50.4501071,30.5240501,UA,yes,,
Kampala,Kampala,Kampala,كامبالا,ambassade,1,0.3177137,32.5813539,UG,yes,S,
Washington,Washington,Washington D.C.,واشنطن,ambassade,1,38.8949549,-77.0366456,US,yes,NW,
New York,New York,New York,نيويورك,rp,2,40.7306458,-73.9866136,US,no,NW,
Atlanta,Atlanta,Atlanta,أتلانتا، جورجيا,consulat_general,4,33.7490987,-84.3901849,US,no,N,
Boston,Boston,Boston,بوسطن,consulat_general,4,42.3602534,-71.0582912,US,no,NW,
Chicago,Chicago,Chicago,شيكاغو,consulat_general,4,41.8755546,-87.6244212,US,no,N,
Houston,Houston,Houston,هيوستن، تكساس,consulat_general,4,29.7589382,-95.3676974,US,no,N,
Los Angeles,Los Angeles,Los Angeles,لوس أنجلوس,consulat_general,4,34.054935,-118.244476,US,no,,
Miami,Miami,Miami,ميامي,consulat_general,4,25.7742658,-80.1936589,US,no,,
New Orleans,La Nouvelle-Orléans,New Orleans,نيو أورلينز,consulat_general,4,29.9499323,-90.0701156,US,no,NW,
San Francisco,San Francisco,San Francisco,سان فرانسيسكو,consulat_general,4,37.7792808,-122.4192363,US,no,,
Montevideo,Montevideo,Montevideo,مونتيفيديو,ambassade,1,-34.9059039,-56.1913569,UY,yes,,
Toshkent,Tachkent,Tashkent,طشقند,ambassade,1,41.3123363,69.2787079,UZ,yes,,
Vatican,Vatican,Vatican City,الفاتيكان,ambassade,1,41.9038,12.4559,VA,no,W,
Kingstown,Kingstown,Kingstown,كينغستاون,capitale,3,13.1482788279,-61.2120624203,VC,yes,,Q41474
Caracas,Caracas,Caracas,كراكاس,ambassade,1,10.506098,-66.9146017,VE,yes,,
Hà Nội,Hanoï,Hanoi,هانوي,ambassade,1,21.0292095,105.85247,VN,yes,,Q1858
Thành phố Hồ Chí Minh,Hô-Chi-Minh-Ville,Ho Chi Minh City,مدينة هو تشي منه,consulat_general,4,10.7758439,106.7017555,VN,no,,Q1854
Port Vila,Port-Vila,Port Vila,بورت فيلا,ambassade,1,-17.7414972,168.3150163,VU,yes,,
Vaiaku,Vaiaku,Vaiaku,فاياكو,capitale,3,-8.51665199904,179.216647094,VU,yes,,Q248201
Apia,Apia,Apia,أبيا,capitale,3,-13.8415450424,-171.738641609,WS,yes,,Q36260
Prishtinë,Pristina,Pristina,بريشتينا,ambassade,1,42.6638771,21.1640849,XK,yes,N,Q25270
صنعاء,Sanaa,Sana'a,صنعاء,ambassade,1,15.342101,44.2005197,YE,yes,,Q2471
Pretoria,Pretoria,Pretoria,بريتوريا,ambassade,1,-25.7459374,28.1879444,ZA,yes,,Q3926
Johannesburg,Johannesbourg,Johannesburg,جوهانسبرغ,consulat_general,4,-26.205,28.049722,ZA,no,,Q34647
Cape Town,Le Cap,Cape Town,كيب تاون,consulat,5,-33.928992,18.417396,ZA,no,,Q5465
Lusaka,Lusaka,Lusaka,لوساكا,ambassade,1,-15.416697,28.281381,ZM,yes,SW,Q3881
Harare,Hararé,Harare,هراري,ambassade,1,-17.831773,31.045686,ZW,yes,N,Q3921
